Country, position_in_country, UserName, sentences#, tokens#
Australia,1, mrducky78,177989,2822922
Australia,2, Zagorath,139952,2407373
Australia,3, jb2386,104713,1305628
Australia,4, xHOCKEYx12,98147,596384
Australia,5, johnnynutman,81380,993110
Australia,6, SavannaJeff,78585,1440414
Australia,7, Zouden,67944,916435
Australia,8, JediCapitalist,66791,973868
Australia,9, Dragon029,62762,1639638
Australia,10, dexter311,62155,825215
Australia,11, sellyme,61282,1078716
Australia,12, OneSalientOversight,61279,901912
Australia,13, Emperor_Mao,57621,921136
Australia,14, ImNotJesus,54042,752039
Australia,15, sony4life,50266,686231
Australia,16, Deceptichum,49608,790553
Australia,17, shniken,48652,565915
Australia,18, SerpentineLogic,47772,636703
Australia,19, Viney,43005,500542
Australia,20, Furah,40950,645770
Australia,21, AussieEquiv,38324,535510
Australia,22, packetinspector,37320,590405
Australia,23, shard972,36561,653749
Australia,24, BTechUnited,35451,347072
Australia,25, Evadregand,34720,421198
Australia,26, nlakes,34052,565495
Australia,27, Stelith61,33707,394976
Australia,28, TheRealCJ,33105,517142
Australia,29, Shaggyninja,32936,357103
Australia,30, lakelly99,32037,497618
Australia,31, dominoconsultant,30446,450684
Australia,32, Nowhrmn,30428,501148
Australia,33, kingpomba,29332,528204
Australia,34, karl_w_w,28575,430436
Australia,35, hazysummersky,28328,362954
Australia,36, StabbiRabbi,27620,600457
Australia,37, nagrom7,27559,417494
Australia,38, Fartmatic,27459,584970
Australia,39, psylent,27222,347283
Australia,40, toms_face,26915,421116
Australia,41, t_Lancer,26708,282536
Australia,42, lapapinton,26662,421960
Australia,43, Slenderauss,25347,436937
Australia,44, adencrocker,24313,269274
Australia,45, l33t_sas,24212,430078
Australia,46, maggotshavecoocoons2,24157,344620
Australia,47, 1Darkest_Knight1,23969,274546
Australia,48, littlejib,22749,314217
Australia,49, TheNoveltyAccountant,22532,408648
Australia,50, Eskali,22186,435061
Australia,51, Snarwib,21620,383863
Australia,52, TheElderGodsSmile,20938,372663
Australia,53, Shunto,20584,301141
Australia,54, throwthetrash16,20469,296372
Australia,55, zdotaz,20328,286879
Australia,56, throwthetrash15,20301,282820
Australia,57, deadcat,20007,257313
Australia,58, quink,19878,317588
Australia,59, JayKayAu,19498,294634
Australia,60, TroubledViking,18905,249107
Australia,61, red_280,18889,300334
Australia,62, OnlyForF1,18777,272141
Australia,63, Rogue_Jellybean,18752,156216
Australia,64, LAK132,18380,207686
Australia,65, PumpyChowdown,18137,209834
Australia,66, CheekyJester,17807,202529
Australia,67, mch,17592,221720
Australia,68, DeltaPositionReady,17504,225023
Australia,69, brandonjslippingaway,17116,350974
Australia,70, Phazon2000,16992,195072
Australia,71, StereotypicalAussie,16966,226037
Australia,72, pseudopsud,16956,187358
Australia,73, zkr31,16501,243237
Australia,74, Kazaril,16132,197588
Australia,75, bobojojo12,15962,149896
Australia,76, spongish,15897,321660
Australia,77, ripyourbloodyarmsoff,15668,259817
Australia,78, Internetzhero,15359,242311
Australia,79, Zafara1,15355,215182
Australia,80, nanonan,15261,211525
Australia,81, LazyNecromancer,15080,247178
Australia,82, Hazeringx,14932,160617
Australia,83, PortConflict,14698,176229
Australia,84, Australian_Translate,14612,79385
Australia,85, LOLSTRALIA,14433,232121
Australia,86, plaguuuuuu,14250,205555
Australia,87, kinghfb,13885,173896
Australia,88, dsaddons,13548,177010
Australia,89, Bananacup,13349,249915
Australia,90, alienccccombobreaker,13345,231198
Australia,91, PinguPingu,13303,206351
Australia,92, CookieTheSlayer,13270,147514
Australia,93, Spacesider,12965,161348
Australia,94, ThatZenoGoddess,12896,155910
Australia,95, hoot1991,12880,190586
Australia,96, Schemes011,12714,170206
Australia,97, LashLash,12706,232299
Australia,98, disquiet,12579,213481
Australia,99, ragtimesongs,12566,119291
Australia,100, Ohmygoditsabird,12490,227181
Canada,1, smacksaw,528671,7492833
Canada,2, Murgie,136868,2521376
Canada,3, phedre,115626,1419500
Canada,4, Pocahontas_Spaceman,110554,1396156
Canada,5, quelar,110154,1881739
Canada,6, kent_eh,106968,1459709
Canada,7, diablo_man,97504,1837142
Canada,8, nomofica,88589,1306961
Canada,9, fernguts,87916,1216198
Canada,10, mikemcg,86080,1153991
Canada,11, Searocksandtrees,84611,1254809
Canada,12, lynnangel,74849,1131680
Canada,13, Renner1,74627,1627089
Canada,14, exasperation,73914,1346112
Canada,15, n0ahbody,68683,894859
Canada,16, MrFlagg,67975,747872
Canada,17, captainhaddock,67054,1211840
Canada,18, bunglejerry,66522,1138249
Canada,19, StraightTalkExpress,62468,1086999
Canada,20, sunstersun,62005,686650
Canada,21, mwmwmwmwmmdw,59315,921062
Canada,22, PasswordIsntHAMSTER,58380,901540
Canada,23, KyleGG,57458,808703
Canada,24, TikiTDO,56521,1145312
Canada,25, themusicgod1,56138,926601
Canada,26, perogies,56080,688487
Canada,27, hedgecore77,55102,822109
Canada,28, el_notario,52602,697433
Canada,29, Neoncow,49009,676137
Canada,30, Soupstorm,47227,715747
Canada,31, insomniaclyric,47056,919637
Canada,32, Zrk2,45202,389114
Canada,33, jianadaren1,44419,729838
Canada,34, chrunchy,43435,671996
Canada,35, RzK,43202,621444
Canada,36, dluminous,41367,572153
Canada,37, heisgone,41101,648267
Canada,38, joe_canadian,41063,609252
Canada,39, ProGamerGov,40520,571232
Canada,40, fisher_king_toronto,39789,664103
Canada,41, Resolute45,39620,633758
Canada,42, elcanadiano,39059,507606
Canada,43, PPewt,38965,839904
Canada,44, Arkiasis,38828,464043
Canada,45, BettyWhiteOnSteroids,38770,564903
Canada,46, Dirtpig,38319,383711
Canada,47, koncept61,38082,421197
Canada,48, DreamCatcher24,37860,493367
Canada,49, LieutenantClone,37405,556883
Canada,50, Jackoosh,37293,674046
Canada,51, ThusShatZarathustra,37023,481332
Canada,52, insane_contin,36800,508315
Canada,53, jspliff1,36705,385683
Canada,54, Canadianman22,36003,636937
Canada,55, Erzsabet,35822,546787
Canada,56, safety_jam,35743,641040
Canada,57, AkivaAvraham,35411,535516
Canada,58, alphawolf29,34476,459284
Canada,59, Statistical_Insanity,33458,519416
Canada,60, klf0,33211,431454
Canada,61, Llort2,33151,345686
Canada,62, Quaytsar,33032,505210
Canada,63, DonOntario,32792,548446
Canada,64, CanuckBacon,32680,471519
Canada,65, DaveyGee16,32644,520371
Canada,66, shawa666,32613,307078
Canada,67, scottb84,31802,555863
Canada,68, DownWithAssad,31600,522872
Canada,69, Dawknight,30696,425980
Canada,70, Burns_Cacti,30532,497311
Canada,71, AcerRubrum,30418,460378
Canada,72, Zackcy,30092,381648
Canada,73, PhreakedCanuck,30065,555178
Canada,74, VelvetJustice,29636,470762
Canada,75, ether_reddit,29180,478578
Canada,76, ForgingIron,28775,300262
Canada,77, sjs,28708,399694
Canada,78, Theelout,28604,359792
Canada,79, hockeynewfoundland,28584,213302
Canada,80, Pie_Gun,28510,451027
Canada,81, ParagonRenegade,28323,398722
Canada,82, ehImCanadian,28253,527499
Canada,83, NSA-SURVEILLANCE,27456,337428
Canada,84, cheeseburgz,26935,381215
Canada,85, asdd1937,26813,214730
Canada,86, DanLynch,26490,558520
Canada,87, derpex,26387,368560
Canada,88, IStillLikeChieftain,26217,378097
Canada,89, Coramoor _,26204,487722
Canada,90, MetaFlight,25619,375135
Canada,91, TheReasonableCamel,25578,307108
Canada,92, burnSMACKER,25563,247338
Canada,93, Dunk-Master-Flex,25388,366754
Canada,94, loJohn,25134,363790
Canada,95, PDK01,25035,311508
Canada,96, Mythodiir,24900,410981
Canada,97, WRXW,24528,403652
Canada,98, Cole7rain,24443,486035
Canada,99, tidder112,24413,361332
Canada,100, habs76,24161,329191
Ireland,1, gavin19,192561,1770466
Ireland,2, NinjaDiscoJesus,165383,1508744
Ireland,3, CaisLaochach,104546,1456952
Ireland,4, FlukyS,90367,1801545
Ireland,5, AtomicKoala,88867,1269265
Ireland,6, grubas,85620,1335926
Ireland,7, Cyridius,77968,1293882
Ireland,8, GavinZac,74005,1195780
Ireland,9, the_straylight_run,70018,1215050
Ireland,10, sionnach,60494,876006
Ireland,11, ridik_ulass,59447,1256118
Ireland,12, RedSquaree,58530,653930
Ireland,13, OceanRacoon,57537,1149700
Ireland,14, rmc,56805,780700
Ireland,15, Chive,56474,966218
Ireland,16, j1202,53329,653980
Ireland,17, chronos42,49689,429723
Ireland,18, LtLabcoat,48754,844506
Ireland,19, jus7addwater,45869,690462
Ireland,20, Stormfly,44625,619494
Ireland,21, stunt_penguin,42175,672801
Ireland,22, gufcfan,41915,566040
Ireland,23, mattverso,41306,583525
Ireland,24, tigernmas,40427,692530
Ireland,25, collectiveindividual,39990,666096
Ireland,26, ruaidhri,38892,653730
Ireland,27, Spoonshape,38877,739035
Ireland,28, MugaSofer,38276,656363
Ireland,29, Creabhain,37864,544427
Ireland,30, Girfex,37713,449591
Ireland,31, InitiumNovum,36902,682572
Ireland,32, PotatoMusicBinge,36892,445396
Ireland,33, Ferrarity,36842,511296
Ireland,34, Bridgeru,36718,887491
Ireland,35, sanity,36628,642939
Ireland,36, TheLeaderIsGood,36403,604296
Ireland,37, NShinryu,35587,689683
Ireland,38, Yerwun,35475,516816
Ireland,39, Jeqk,35205,510223
Ireland,40, Bowgentle,34757,770931
Ireland,41, heliotach712,34506,602682
Ireland,42, eoinster,33909,770956
Ireland,43, temujin64,33292,599252
Ireland,44, HBlight,33146,504188
Ireland,45, postdarwin,33145,386136
Ireland,46, relevantusername -,32964,390544
Ireland,47, onefingerattack,32717,449396
Ireland,48, Fruit_Pastilles,32067,475729
Ireland,49, Evil_white_oppressor,31430,465033
Ireland,50, An_Lochlannach,31122,523448
Ireland,51, countessmeemee,31093,433940
Ireland,52, Sefilis,30744,444388
Ireland,53, Thread_water,30739,460605
Ireland,54, MageToLight,30402,409454
Ireland,55, thisshortenough,30198,553840
Ireland,56, EireOfTheNorth,29502,518799
Ireland,57, Knollsit,29391,304476
Ireland,58, gk3coloursred,29342,515329
Ireland,59, Squelcher121,29278,499877
Ireland,60, petermal67,28960,353932
Ireland,61, mrlinkwii,28472,348042
Ireland,62, ninety6days,28330,341622
Ireland,63, carlcon,28298,448165
Ireland,64, Dragmire800,28132,386994
Ireland,65, SpaZticHero,28081,348850
Ireland,66, Shock-Trooper,27848,450135
Ireland,67, IrishFlukey,27504,470706
Ireland,68, Titan_Transcendent,27467,324893
Ireland,69, tankosaurus,26651,341175
Ireland,70, Anonymous_Bosch,26415,405309
Ireland,71, Oggie243,26327,415871
Ireland,72, nodnodwinkwink,26307,289569
Ireland,73, sweetafton,26192,266988
Ireland,74, genron1111,26070,322468
Ireland,75, Paddywhacker,25798,307110
Ireland,76, mynoduesp,25647,254469
Ireland,77, lord_addictus,25398,366270
Ireland,78, The-ArtfulDodger,25194,333319
Ireland,79, Tchocky,25149,297285
Ireland,80, Dev __,25114,399818
Ireland,81, 1eejit,24743,323869
Ireland,82, IrishBall,24409,257971
Ireland,83, Lifecoachingis50,24338,395383
Ireland,84, ScaredycatMatt,24014,304475
Ireland,85, lughnasadh,23575,485316
Ireland,86, yoho139,23383,304500
Ireland,87, EIREANNSIAN,23273,488886
Ireland,88, RedEyedWarrior,23110,372818
Ireland,89, PurrPrinThom,23100,443200
Ireland,90, tnethacker,23072,255496
Ireland,91, Perlscrypt,22918,369308
Ireland,92, niamhish,22729,213367
Ireland,93, EejitEinstien,22704,396673
Ireland,94, DerringerHK,22689,245682
Ireland,95, Astrobomb,22666,295651
Ireland,96, FerdiadTheRabbit,22623,223006
Ireland,97, Ansoni,22562,315671
Ireland,98, mooglor,22499,320743
Ireland,99, Bobzer,22421,348231
Ireland,100, marsman,22135,605186
NewZealand,1, CosmicKeys,128000,1579539
NewZealand,2, My_usrname_of_choice,91275,942045
NewZealand,3, Supertrinko,56588,807080
NewZealand,4, dmanww,54464,548786
NewZealand,5, Salt-Pile,51652,984150
NewZealand,6, phoenixmusicman,43386,571737
NewZealand,7, bbqroast,43232,725956
NewZealand,8, - halcyon,36102,572129
NewZealand,9, Gyn_Nag,32295,473674
NewZealand,10, oreography,29734,439551
NewZealand,11, videomorphic,28104,392463
NewZealand,12, CoolGuy54,27882,581062
NewZealand,13, keyo _,27838,352734
NewZealand,14, TeHokioi,26583,456795
NewZealand,15, moffattron9000,24727,377730
NewZealand,16, AoyagiAichou,24611,334342
NewZealand,17, LordHussyPants,24287,398698
NewZealand,18, Tidorith,22273,388060
NewZealand,19, Ripdog,18153,270757
NewZealand,20, Lightspeedius,16805,235632
NewZealand,21, ophereon,15761,281185
NewZealand,22, CrossyNZ,13259,257925
NewZealand,23, KiwiThunda,12315,187659
NewZealand,24, SpearOfTheDragon,11420,159340
NewZealand,25, thirdtotheleft,11234,144209
NewZealand,26, Saan,11117,130786
NewZealand,27, SirGuyGrand,10191,198843
NewZealand,28, _ I_AM_BATMAN _,9966,90252
NewZealand,29, thisismyfinalaccount,9511,160219
NewZealand,30, smalljude,9213,131944
NewZealand,31, Shapeshifters,8784,123150
NewZealand,32, DividendDial,8279,97562
NewZealand,33, GreenFriday,8106,99909
NewZealand,34, rickdangerous85,7941,116814
NewZealand,35, 123xyz123xyz,7718,91505
NewZealand,36, Tricky_Troll,7522,109560
NewZealand,37, klesmez,6122,84566
NewZealand,38, MexicanCatFarm,6081,81178
NewZealand,39, Nitskynator,5515,80029
NewZealand,40, StevenMunterK,5410,90411
NewZealand,41, GrouseGrouse,5405,67607
NewZealand,42, ultra_violence,5264,80495
NewZealand,43, antome,5135,96770
NewZealand,44, cnzmur,5098,102810
NewZealand,45, C1in,4602,47921
NewZealand,46, SaintTraft1984,4395,56881
NewZealand,47, yeah_definitely,4310,69757
NewZealand,48, myliwG,4219,63531
NewZealand,49, Aietra,4089,73005
NewZealand,50, movienevermade,3945,75907
NewZealand,51, Barabajagala,3889,56436
NewZealand,52, Samiambadatdoter,3696,70009
NewZealand,53, the1337tum,3572,76246
NewZealand,54, DashwoodIII,3445,67277
NewZealand,55, freethenip,3422,56638
NewZealand,56, coffee_o,3263,45292
NewZealand,57, Ryukishi,3059,39733
NewZealand,58, Sokaii,2775,37819
NewZealand,59, Mar7coda6,2569,25972
NewZealand,60, HG2321,2258,36961
NewZealand,61, HuWeiliu,2234,37695
NewZealand,62, GatorNavy,2073,20901
NewZealand,63, Wildzooz,2056,36028
NewZealand,64, Sarosian,2010,36342
NewZealand,65, Ghastlygherkin,1862,22905
NewZealand,66, sunics,1799,36162
NewZealand,67, bakerboy428,1792,27016
NewZealand,68, thekiwifish,1718,22037
NewZealand,69, nickbyfleet,1572,21579
NewZealand,70, monoptiex,1472,20330
NewZealand,71, MateyMateOmateMate,1462,28569
NewZealand,72, TheHiphopopotamus,1462,26316
NewZealand,73, enZedd,1422,21120
NewZealand,74, old_dig,1354,22906
NewZealand,75, something-to-say,1344,23247
NewZealand,76, metaltallica,1191,15987
NewZealand,77, blighte,1190,16637
NewZealand,78, mitrepl,1163,14254
NewZealand,79, Drama_poli,1143,13434
NewZealand,80, sydneyshaw,1116,13493
NewZealand,81, wikipipes,1107,15203
NewZealand,82, Kondottiero,1103,14436
NewZealand,83, J4kal,1085,14506
NewZealand,84, stupidbutgenius,966,18961
NewZealand,85, accountcircumvention,936,12170
NewZealand,86, kingcropercake,913,16350
NewZealand,87, WingedHussar83,797,9894
NewZealand,88, Greckit,761,13489
NewZealand,89, Taro_Milk_Tea,752,6942
NewZealand,90, hyssop _,727,9618
NewZealand,91, mmminogue,718,13182
NewZealand,92, - Inspired -,712,11200
NewZealand,93, RR1991,694,9508
NewZealand,94, Bobbbcat,688,8001
NewZealand,95, Reactionaryhistorian,632,10421
NewZealand,96, GRowmAGn,632,7696
NewZealand,97, kagepro,577,10482
NewZealand,98, my_home,535,7129
NewZealand,99, cousinmurry,534,6345
NewZealand,100, mrzacharyjensen,473,7038
UK,1, G_Morgan,461263,6343084
UK,2, Frankeh,263224,3223932
UK,3, LocutusOfBorges,166036,2065679
UK,4, Heknarf,157122,1893291
UK,5, Clbull,154656,2716963
UK,6, GeeJo,142552,2617277
UK,7, ajehals,132809,3407346
UK,8, alekzander01,128644,1568097
UK,9, HarryBlessKnapp,120225,1337836
UK,10, valleyshrew,115098,2045003
UK,11, bottomlines,114547,1462672
UK,12, erythro,114355,1842732
UK,13, brainburger,109794,1470066
UK,14, borez,109409,1793661
UK,15, Heaney555,107324,1469540
UK,16, cbfw86,106362,1347152
UK,17, IVIaskerade,105684,1523873
UK,18, hoffi_coffi,103801,1806896
UK,19, Ivashkin,99995,2218175
UK,20, Lolworth,95995,1080331
UK,21, dpash,94886,1344277
UK,22, MMSTINGRAY,94255,1791414
UK,23, this_sort_of_thing,93960,1596043
UK,24, ionised,91295,1096355
UK,25, letsgocrazy,90534,1470705
UK,26, Ewannnn,90478,1534683
UK,27, specofdust,87648,1626031
UK,28, Jaraxo,85403,1231990
UK,29, Trucidator,84090,1421156
UK,30, kingofeggsandwiches,82872,1821331
UK,31, michaelnoir,82673,1311669
UK,32, NickTM,81581,1294667
UK,33, apple_kicks,81450,1413143
UK,34, demostravius,81176,1265646
UK,35, twersx,79750,1620763
UK,36, Drunken_Economist,79221,958147
UK,37, IntellegentIdiot,79185,1299845
UK,38, TheCommieDuck,77062,808431
UK,39,5225225,76610,964868
UK,40, TomShoe,74871,1639635
UK,41, TheAnimus,74692,1383276
UK,42, Geosaurusrex,73852,914198
UK,43, joethesaint,73837,1002246
UK,44, DEADB33F,73407,1314433
UK,45, the_opinion,73200,952946
UK,46, potpan0,71625,1409018
UK,47, clever_octopus,70475,1383311
UK,48, TheFallenHero,70009,868225
UK,49, Halk,69291,1177301
UK,50, _ tpyo,68566,1177714
UK,51, Quietuus,68426,1505845
UK,52, muyuu,67883,974699
UK,53, wherearemyfeet,67449,1211934
UK,54, skeletor100,66258,1115683
UK,55, NEWSBOT3,65617,1033686
UK,56, satanspanties,65296,1094006
UK,57, Tinie_Snipah,64876,956574
UK,58, Skavau,64567,949393
UK,59, Disgruntled __ Goat,63388,841365
UK,60, grogipher,62845,891643
UK,61, SlyRatchet,62796,1213049
UK,62, ieya404,62697,1316170
UK,63, wOlfLisK,62649,936447
UK,64, YourLizardOverlord,62550,1025786
UK,65, Lost_Afropick,62464,784890
UK,66, thecritic06,61382,964110
UK,67, whencanistop,61034,1283803
UK,68, ShetlandJames,60916,744976
UK,69, Thyrotoxic,59814,924886
UK,70, Miserygut,59209,929956
UK,71, thebeginningistheend,58315,754312
UK,72, alexgmcm,57832,1163408
UK,73, twogunsalute,57049,689814
UK,74, peter_j _,56925,896962
UK,75, Popeychops,56392,824946
UK,76, flyingfresian,55661,562964
UK,77, cb43569,55233,997144
UK,78, CaptainCupcakez,55040,809994
UK,79, draw_it_now,54449,717921
UK,80, mojojo42,54407,1122277
UK,81, BonzoTheBoss,54357,1020179
UK,82, BritRedditor1,53888,1060145
UK,83, Cheimon,53759,925498
UK,84, PerfectHair,53587,625983
UK,85, collinsl02,53307,1070470
UK,86, Carlswaen,53041,924751
UK,87, umbama,52726,660124
UK,88, intangible-tangerine,52417,1135713
UK,89, babydave371,51945,785597
UK,90, blndcavefsh,51809,525673
UK,91, usrname42,51808,973889
UK,92, brain4breakfast,51391,522045
UK,93, ex-turpi-causa,51368,916033
UK,94, jesse9o3,50995,819656
UK,95, Orsenfelt,50890,867286
UK,96, lithaborn,50817,875495
UK,97, WiseOctopus,50759,805237
UK,98, t90fan,50414,592798
UK,99, aapowers,50259,770534
UK,100, BestFriendWatermelon,50212,900747
US,1, nixonrichard,256857,4128772
US,2, Osiris32,252831,3792912
US,3, sylban,232189,4095868
US,4, christ0ph,226499,4003101
US,5, Moruitelda,218341,3043445
US,6, JimboLodisC,211276,2450412
US,7, lolmonger,186719,3703711
US,8, dietotaku,182625,3651778
US,9, savoytruffle,179306,2298775
US,10, jayman419,174487,3026203
US,11, andrewsmith1986,171890,1549781
US,12, Stalked_Like_Corn,158680,2299814
US,13, tau-lepton,153637,2021454
US,14, rcglinsk,150046,2390197
US,15, theorymeltfool,144817,2199742
US,16, wadcann,141182,2888085
US,17, jaxspider,138742,1336441
US,18, gingerkid1234,133310,2391454
US,19, lordderplythethird,128494,2202501
US,20, FANGO,123822,2320313
US,21, The_Mermaid,117143,1801880
US,22, Independent,115309,2005319
US,23, davidreiss666,114745,1664459
US,24, EditorialComplex,113522,1649470
US,25, InfanticideAquifer,113063,1651790
US,26, elos _,112913,2092754
US,27, Bossman1086,110087,1313091
US,28, DCMurphy,108334,1529457
US,29, emkay99,105744,1720520
US,30, Shotgun_Sentinel,104531,1774313
US,31, TMWNN,103718,1979218
US,32, ______ DEADPOOL ______,102910,993608
US,33, rtechie1,102462,1583824
US,34, Niehaus,102018,1171302
US,35, ocdscale,101040,1553329
US,36, ChiliFlake,100850,1519437
US,37, Dear_Occupant,100201,1747887
US,38, Elided_Ego,97995,1389436
US,39, kupovi,96978,1046785
US,40, Odusei,94814,1524389
US,41, Conchobair,93960,1310049
US,42, eighthgear,93778,1705931
US,43, alexanderwales,93125,1897700
US,44, razorbeamz,92914,1116515
US,45, tehbored,92738,1263672
US,46, letsgoiowa,90924,1103213
US,47, Cyrius,89597,1208365
US,48, rednoise,89222,1518558
US,49, atomic1fire,88706,1758734
US,50, empw,87655,830947
US,51, whubbard,87338,1130656
US,52, CupBeEmpty,86579,1271352
US,53, Ameisen,85527,1404592
US,54, CookieMan0,85360,1036524
US,55, dart200,84987,1235883
US,56, Cyberhwk,84420,1211769
US,57, fr-josh,82818,1055978
US,58, stuthulhu,82208,1510327
US,59, Heelincal,82202,856135
US,60, auryn0151,81629,1268374
US,61, noelsusman,81479,1312485
US,62, ricodued,81472,1007364
US,63, poptart2nd,81124,1175690
US,64, DisregardMyPants,80983,1270404
US,65, 4ringcircus,80760,997562
US,66, amaxen,80663,1486711
US,67, valadian,80484,1032955
US,68, whatthefuckguys,79613,1002764
US,69, thabe331,78482,984632
US,70, PraiseBeToScience,78162,1303082
US,71, deuteros,77772,1144476
US,72, bluthru,77623,957754
US,73, JamesColesPardon,77444,1027423
US,74, kaztrator,77357,1113223
US,75, ZapPowerz,77283,918353
US,76, AdmiralAkbar1,76734,1061294
US,77, berlin-calling,76731,1015674
US,78, Demonweed,76398,1728613
US,79, aidrocsid,76049,1260550
US,80, designgoddess,75996,905350
US,81, RushofBlood52,75403,949897
US,82, KaliYugaz,75369,1475174
US,83, Hamakua,75091,1368122
US,84, Spartan448,74781,1492540
US,85, ben1204,74197,996530
US,86, sakebomb69,73699,872538
US,87, shoryukenist,73613,948530
US,88, Gr1pp717,73579,1067239
US,89, SolidBlues,73415,1237220
US,90, godofallcows,73301,962880
US,91, halfar,73264,1021877
US,92, urfaselol,72786,842877
US,93, alephnul,72468,1034237
US,94, Law_Student,72189,1379904
US,95, DejaBoo,71724,1169101
US,96, iamPause,71683,928576
US,97, madagent,71289,840725
US,98, Fortehlulz33,71138,867031
US,99, Hindu_Wardrobe,70080,762168
US,100, _ watching,69918,1289050
